Transaction_ID,Transaction_Date,Branch_ID,Customer_ID,Product_ID,Quantity,Unit_Price_KES,Payment_Method,County,Order_Status
TXN005461,2025-02-06,BR002,CUST01381,PROD032,2,"KES 2,312.14",M-Pesa,Nairobi,Completed
TXN011120,2025-04-03,BR002,CUST00719,PROD082,4,218.32,M-Pesa,Nbi,Completed
TXN003369,01/01/2026,BR004,CUST01704,PROD026,6,92.9,Card,Kiambu,Completed
TXN007615,2025-03-24,BR008,CUST01301,PROD052,3,132.94,M-Pesa,Nbi,Completed
TXN007888,2025-09-26,BR006,CUST02904,PROD080,,938.81,M-Pesa,Nakuru,Completed
TXN006835,2026-01-09,BR006,CUST02641,PROD035,1,392.95,M-Pesa,Kiambu County,Completed
TXN012313,26/03/2025,BR009,CUST02793,PROD042,1,254.38,Card,Uasin Gishu,Completed
TXN012179,2025-01-28,BR007,CUST01060,PROD002,3,193.66,M-Pesa,NAIROBI ,Refunded
TXN015789,2025-05-07,BR011,CUST02111,PROD045,1,1238.05,M-Pesa,Kiambu County,Completed
TXN014067,2025-10-23,BR001,CUST01623,PROD114,8,KES 215.60,Card,Nairobi,Completed
TXN012642,2025-11-17,BR008,CUST00123,PROD031,8,685.17,M-Pesa,Kisumu,complete
TXN008901,2025-06-15,BR002,CUST00788,PROD007,5,881.73,M-Pesa,Nairobi,cancelled 
TXN012518,2025-03-14,BR006,CUST01671,PROD034,,139.39,M-Pesa,Nakuru,Completed
TXN009951,2025-06-23,BR008,CUST02557,PROD034,3,KES 135.76,M-Pesa,Kisumu,Completed
TXN001433,2025-10-04,BR001,,PROD059,5,246.97,M-Pesa,Nairobi,Completed
TXN008247,2026-06-10,BR008,CUST02132,PROD107,3,489.53,Card,NAIROBI ,Completed
TXN019030,2026-08-02,BR002,CUST00912,PROD088,1,1273.6,Card,Nairobi,Completed
TXN009409,2025-08-18,BR002,CUST00606,PROD004,5,565.82,M-Pesa,Nairobi,complete
TXN008178,2025-12-18,BR003,,PROD115,5,165.32,M-Pesa,Nairobi,Completed
TXN004438,2025-07-22,BR011,CUST02542,PROD017,3,654.95,Card,Kajiado,Completed
TXN006955,2025-12-09,BR012,CUST00611,PROD005,3,3319.82,M-Pesa,Nbi,Completed
TXN013944,21/12/2025,BR008,CUST00410,PROD076,1,309.81,M-Pesa,Kisumu,Cancelled
TXN006043,2025-03-12,BR012,,PROD019,2,237.35,M-Pesa,Kakamega,Completed
TXN015269,04/02/2025,BR008,CUST00128,PROD073,3,304.49,M-Pesa,Kisumu,Completed
TXN016680,2025-02-04,BR010,CUST01383,PROD018,,245.59,M-Pesa,Machakos,Completed
TXN004962,2025-10-02,BR007,CUST02524,PROD042,4,240.34,M-Pesa,Mombasa,cancelled 
TXN006656,2026-02-05,BR003,CUST02625,PROD041,1,303.65,Card,Nairobi,Completed
TXN015960,2025-03-20,BR009,CUST01037,PROD013,3,2139.24,M-Pesa,Uasin Gishu,COMPLETED
TXN016339,2026-07-04,BR009,,PROD042,1,238.12,M-Pesa,Uasin Gishu,Completed
TXN010731,30/12/2025,BR001,CUST02053,PROD106,1,297.21,Card,Nairobi,Completed
TXN019193,2025-09-13,BR001,,PROD117,1,2449.13,M-Pesa,Nairobi,Completed
TXN014303,2026-06-13,BR001,CUST01474,PROD063,1,KES 476.15,M-Pesa,Nairobi,Completed
TXN007708,13/02/2025,BR007,CUST00173,PROD088,2,1222.64,M-Pesa,Mombasa,Completed
TXN014366,2025-12-03,BR011,CUST02653,PROD061,1,2125.54,Card,Kajiado,COMPLETED
TXN011779,2025-03-10,BR011,,PROD008,5,524.21,Bank Transfer,Kajiado,Completed
TXN005738,2026-03-11,BR005,CUST00283,PROD049,1,561.48,M-Pesa,Kiambu,Completed
TXN002030,2026-05-08,BR005,CUST02479,PROD003,,233.13,Card,Kiambu,Completed
TXN011374,2026-04-28,BR002,CUST02541,PROD070,2,KES 496.14,M-Pesa,Nairobi,Cancelled
TXN008823,2026-07-25,BR011,CUST01930,PROD112,,963.75,M-Pesa,Kajiado,Completed
TXN010810,2026-05-12,BR011,CUST00711,PROD106,3,300.9,M-Pesa,Kajiado,cancelled 
TXN019305,2025-07-10,BR009,CUST00849,PROD105,5,341.06,M-Pesa,Uasin Gishu ,Completed
TXN013143,2026-03-13,BR001,CUST00136,PROD074,1,295.44,Cash,nairobi,Completed
TXN002963,2025-01-09,BR004,CUST02437,PROD087,1,"KES 2,330.90",M-Pesa,Kiambu,Completed
TXN012767,2026-02-02,BR007,CUST00497,PROD116,2,230.04,Card,Nbi,Completed
TXN014103,2025-11-29,BR001,CUST00849,PROD056,,1135.33,M-Pesa,Nairobi,Completed
TXN016096,2025-04-20,BR001,CUST00429,PROD035,10,407.45,M-Pesa,Nbi,Completed
TXN016191,2025-02-15,BR007,,PROD085,1,2157.48,M-Pesa,Mombasa,Completed
TXN004581,2026-08-01,BR002,CUST01985,PROD110,1,KES 71.48,Card,Nairobi,Completed
TXN010212,2026-04-18,BR007,CUST01251,PROD071,1,KES 919.14,M-Pesa,Mombasa,Completed
TXN011550,2025-08-01,BR008,CUST02464,PROD078,3,123.46,M-Pesa,Kisumu,Completed
TXN000746,2025-03-19,BR006,CUST01798,PROD100,3,601.45,M-Pesa,Nakuru,Completed
TXN006973,2025-09-15,BR001,CUST02651,PROD083,,159.26,Cash,Nairobi,Completed
TXN009011,2025-07-11,BR008,CUST00777,PROD115,3,175.66,M-Pesa,Kisumu,Cancelled
TXN003847,27/01/2026,BR002,CUST00619,PROD099,4,352.38,Cash,Nairobi,Completed
TXN000479,2025-02-15,BR004,CUST02239,PROD062,,104.26,Cash,Kiambu,Completed
TXN016735,2025-04-09,BR004,CUST01178,PROD079,1,1139.51,M-Pesa,nairobi,Completed
TXN014095,2025-05-25,BR002,CUST01555,PROD024,,831.12,M-Pesa,Nairobi,Completed
TXN019219,2025-12-19,BR012,CUST00356,PROD039,1,869.67,Cash,Kakamega,Refund
TXN011048,2026-07-18,BR012,CUST01351,PROD094,,70.49,M-Pesa,Kakamega,Completed
TXN004611,2026-06-06,BR012,CUST00780,PROD107,4,495.98,M-Pesa,NAIROBI ,Completed
TXN016061,2026-03-29,BR010,CUST02779,PROD080,1,954.17,Card,Machakos,Completed
TXN013537,2025-04-28,BR009,CUST02898,PROD074,1,307.66,M-Pesa,Uasin Gishu,Refund
TXN019930,2025-01-31,BR011,CUST01929,PROD115,1,167.98,M-Pesa,Kajiado,cancelled 
TXN015921,2026-05-29,BR001,CUST00685,PROD033,2,157.07,M-Pesa,Nairobi,Completed
TXN006449,2026-04-23,BR002,CUST02701,PROD011,,502.75,Bank Transfer,Nairobi,Completed
TXN001697,2025-10-11,BR006,CUST01050,PROD076,8,319.57,M-Pesa,Nakuru,complete
TXN006342,2026-02-20,BR007,CUST01295,PROD001,3,218.2,M-Pesa,Mombasa,cancelled 
TXN008560,2025-02-07,BR004,CUST02959,PROD002,,190.82,Bank Transfer,Kiambu,Completed
TXN003499,10/12/2025,BR011,CUST00225,PROD071,1,940.07,Card,Kajiado,Completed
TXN007731,2026-04-11,BR002,CUST02449,PROD069,,3597.88,M-Pesa,Nairobi,Completed
TXN017501,2026-06-17,BR012,CUST00042,PROD076,,306.88,M-Pesa,Kakamega,Completed
TXN013096,27/04/2026,BR009,CUST01421,PROD098,2,154.72,Cash,Uasin Gishu,Completed
TXN003579,2025-11-22,BR008,CUST02480,PROD111,2,KES 614.96,M-Pesa,Kisumu,Completed
TXN016205,29/06/2025,BR001,CUST02065,PROD067,5,194.99,M-Pesa,Nairobi,Completed
TXN019666,26/04/2026,BR006,CUST00765,PROD070,1,515.46,M-Pesa,Nakuru,Completed
TXN019497,2025-09-12,BR001,CUST02051,PROD067,1,KES 192.65,Bank Transfer,Nairobi,Completed
TXN011460,2026-02-27,BR012,,PROD004,2,576.14,Card,Kakamega,Completed
TXN007342,2026-01-18,BR008,,PROD062,2,107.54,Card,Kisumu,Completed
TXN005221,2025-07-07,BR003,CUST01356,PROD082,2,219.62,Cash,Nairobi,Completed
TXN003164,2026-03-22,BR009,CUST02893,PROD070,1,493.63,Card,Uasin Gishu,Completed
TXN019334,2025-04-25,BR008,,PROD092,1,293.4,M-Pesa,Kisumu,Completed
TXN010059,2025-04-19,BR001,CUST00416,PROD049,10,KES 538.69,M-Pesa,Nairobi,Completed
TXN012292,2026-02-21,BR009,CUST00685,PROD043,4,KES 321.00,Cash,Uasin Gishu,Completed
TXN016420,2025-03-06,BR002,CUST00849,PROD087,,2394.59,Card,Nairobi,Completed
TXN005991,2025-10-25,BR001,CUST02350,PROD009,2,320.27,Cash,Nbi,Completed
TXN010372,2026-05-13,BR005,CUST00589,PROD108,2,163.36,M-Pesa,Kiambu,Completed
TXN005306,2025-02-05,BR008,CUST01861,PROD090,4,50.23,M-Pesa,Nbi,Completed
TXN007590,2025-11-24,BR012,CUST01490,PROD088,2,1288.32,M-Pesa,Kakamega,complete
TXN000166,2025-04-14,BR006,CUST02359,PROD003,1,226.68,Bank Transfer,Nakuru,COMPLETED
TXN011749,2025-09-04,BR002,CUST00410,PROD048,,793.03,M-Pesa,Nairobi,Completed
TXN004689,15/04/2026,BR009,CUST01230,PROD051,3,214.42,M-Pesa,Uasin Gishu,Cancelled
TXN008765,2026-08-08,BR005,CUST01010,PROD100,1,624.27,Card,Kiambu,COMPLETED
TXN003762,2025-07-07,BR005,CUST00779,PROD028,2,407.2,M-Pesa,Kiambu,Completed
TXN000666,2026-01-14,BR008,CUST00339,PROD036,2,587.05,M-Pesa,nairobi,Completed
TXN000122,2025-05-15,BR004,CUST01927,PROD009,2,303.15,Card,Kiambu,complete
TXN015161,2025-10-17,BR002,CUST01144,PROD006,,521.18,M-Pesa,Nairobi,Completed
TXN000772,2025-01-13,BR002,CUST00708,PROD088,5,"KES 1,280.95",M-Pesa,Nairobi,Completed
TXN019360,2025-04-07,BR012,CUST01322,PROD108,1,161.37,M-Pesa,Kakamega,Completed
TXN013502,2025-12-31,BR003,CUST00257,PROD033,3,163.3,M-Pesa,Nairobi,complete
TXN015153,2025-09-13,BR003,CUST01304,PROD089,2,KES 91.26,M-Pesa,Nairobi,Completed
TXN015505,2025-11-06,BR003,CUST01308,PROD051,6,KES 215.12,M-Pesa,Nairobi,Completed
TXN014934,2025-06-12,BR003,CUST02730,PROD086,8,257.66,Cash,NAIROBI ,Completed
TXN002541,2026-03-26,BR009,,PROD005,1,3340.46,Card,Uasin Gishu,Completed
TXN007423,2026-01-31,BR009,CUST01677,PROD050,2,144.87,Cash,Uasin Gishu,Completed
TXN009075,2026-06-25,BR001,,PROD066,3,201.52,Card,Nairobi,Completed
TXN005146,2025-04-29,BR003,CUST00684,PROD047,2,617.99,Cash,Nairobi,Completed
TXN016771,2026-04-30,BR006,,PROD064,1,1471.55,Card,Nakuru,Completed
TXN008145,2025-07-28,BR004,CUST00700,PROD089,1,89.35,M-Pesa,Kiambu,Completed
TXN003113,2025-09-05,BR012,CUST01692,PROD093,4,922.55,M-Pesa,Kakamega,complete
TXN013948,02/10/2025,BR007,CUST01439,PROD105,2,328.3,M-Pesa,Mombasa,Completed
TXN010385,2025-05-04,BR009,,PROD051,2,225.45,Bank Transfer,Uasin Gishu,Completed
TXN014067,2025-10-23,BR001,CUST01623,PROD114,8,KES 215.60,Card,Nairobi,Completed
TXN011800,2025-05-15,BR001,,PROD068,1,574.53,M-Pesa,Nairobi,Completed
TXN012495,2025-06-04,BR003,,PROD002,5,192.95,M-Pesa,Nairobi,Completed
TXN000431,25/08/2026,BR012,CUST02758,PROD102,1,481.31,M-Pesa,Kakamega,Completed
TXN016401,2025-11-18,BR011,CUST01401,PROD089,,90.87,M-Pesa,Kajiado,Completed
TXN018955,2025-04-27,BR001,CUST00765,PROD019,,238.98,M-Pesa,Nairobi,Completed
TXN005001,2026-04-22,BR004,CUST00562,PROD037,,4046.92,M-Pesa,Kiambu,Completed
TXN006649,2025-07-15,BR011,CUST01235,PROD072,4,601.91,M-Pesa,Kajiado,Completed
TXN002241,2026-04-03,BR003,,PROD036,1,577.27,M-Pesa,Nairobi,Completed
TXN003234,2026-07-20,BR006,CUST01940,PROD061,,2146.19,Cash,Nakuru,Completed
TXN004579,04/08/2025,BR012,CUST00550,PROD021,4,5037.08,Card,Kakamega,Completed
TXN008895,2026-05-08,BR003,CUST02748,PROD050,2,KES 140.57,M-Pesa,Nairobi,Completed
TXN006342,2026-02-20,BR007,CUST01295,PROD001,3,218.2,M-Pesa,Mombasa,cancelled 
TXN014764,2026-08-04,BR004,CUST01687,PROD078,2,KES 124.42,Bank Transfer,Kiambu,Completed
TXN006884,2025-07-08,BR007,CUST02208,PROD011,1,502.12,Card,nairobi,Completed
TXN001841,2026-07-14,BR001,CUST00047,PROD073,,318.96,M-Pesa,Nairobi,Completed
TXN019181,2025-11-20,BR012,CUST00429,PROD023,1,"KES 1,521.94",M-Pesa,Kakamega,Completed
TXN002264,2026-07-17,BR002,CUST01893,PROD105,1,332.54,Cash,Nbi,Completed
TXN014207,2026-01-05,BR008,,PROD061,4,2170.52,M-Pesa,Kisumu,Completed
TXN003260,2025-09-14,BR004,CUST01178,PROD098,1,153.81,M-Pesa,Nbi,Completed
TXN002570,2025-05-09,BR003,,PROD095,8,276.11,Cash,Nairobi,Completed
TXN015559,2026-05-15,BR005,CUST00600,PROD097,3,129.95,M-Pesa,Kiambu ,Completed
TXN009134,2025-06-04,BR004,CUST01745,PROD067,3,189.68,Bank Transfer,Kiambu,Completed
TXN019105,2026-08-12,BR011,CUST02623,PROD023,3,"KES 1,477.97",Card,Kajiado,Completed
TXN000531,2025-07-11,BR001,CUST01651,PROD053,2,4378.83,M-Pesa,Nairobi,Completed
TXN006576,23/05/2025,BR011,CUST00516,PROD072,8,617.93,M-Pesa,Kajiado,Completed
TXN005522,2026-04-26,BR001,CUST02460,PROD117,,2457.64,M-Pesa,Nairobi,Completed
TXN001517,2026-08-11,BR004,CUST01161,PROD093,1,947.47,Cash,Kiambu County,Completed
TXN006308,2025-12-17,BR011,CUST00687,PROD006,,526.4,Card,Kajiado,Completed
TXN010107,14/05/2025,BR002,CUST02362,PROD111,1,607.27,M-Pesa,Nairobi,Completed
TXN014511,2026-04-10,BR005,CUST00063,PROD063,1,489.01,Cash,Kiambu,Completed
TXN002728,2026-06-17,BR005,CUST02225,PROD004,,568.04,Card,Kiambu,Completed
TXN019507,2025-04-26,BR001,CUST00907,PROD089,3,91.76,M-Pesa,Nairobi,cancelled 
TXN014743,2025-10-23,BR005,CUST00068,PROD033,1,163.09,M-Pesa,Nbi,Completed
TXN012760,2025-06-07,BR010,CUST02071,PROD019,,235.69,Cash,Machakos,Completed
TXN014084,2026-03-28,BR007,CUST02345,PROD001,,205.96,M-Pesa,Mombasa,Completed
TXN004214,2025-01-28,BR001,,PROD025,4,54.46,M-Pesa,Nairobi,Completed
TXN000117,2026-06-04,BR005,CUST01242,PROD049,,538.77,Cash,Kiambu,Completed
TXN017784,2025-06-01,BR002,CUST02406,PROD067,,194.53,M-Pesa,Nairobi,Cancelled
TXN000520,20/06/2025,BR008,CUST02418,PROD101,2,2816.98,M-Pesa,Kisumu,Completed
TXN010600,2026-07-25,BR007,CUST02750,PROD083,4,163.1,M-Pesa,Mombasa,COMPLETED
TXN015851,2025-11-28,BR006,CUST02209,PROD012,8,KES 186.40,M-Pesa,Nakuru,Completed
TXN008338,2026-07-15,BR001,CUST01198,PROD093,8,904.0,Card,Nairobi,Completed
TXN010547,03/06/2025,BR009,CUST01163,PROD097,2,122.29,M-Pesa,Uasin Gishu,Completed
TXN017683,2026-08-08,BR006,CUST00051,PROD002,2,186.15,Card,Nakuru,Refund
TXN009124,2026-04-17,BR004,CUST01494,PROD077,,2036.67,M-Pesa,Kiambu,Completed
TXN013941,2026-02-28,BR002,CUST02346,PROD092,2,KES 288.43,Card,Nairobi,Completed
TXN014601,2026-08-15,BR009,CUST00391,PROD059,2,238.78,M-Pesa,Uasin Gishu,Completed
TXN001251,05/02/2026,BR004,CUST02954,PROD034,1,136.19,Card,Kiambu,Completed
TXN005365,2026-02-25,BR012,CUST02069,PROD067,2,190.34,M-Pesa,Kakamega,Completed
TXN001708,2025-03-09,BR012,,PROD089,1,92.93,M-Pesa,Kakamega,Completed
TXN005039,2025-07-21,BR001,CUST02035,PROD001,2,KES 204.85,M-Pesa,Nairobi,Completed
TXN010259,2025-04-20,BR002,CUST01724,PROD012,2,185.91,Card,Nairobi,Cancelled
TXN009471,05/11/2025,BR005,CUST01059,PROD059,3,239.46,M-Pesa,Kiambu,Completed
TXN003758,2026-02-03,BR001,CUST01262,PROD105,5,KES 340.30,M-Pesa,Nairobi,Completed
TXN017243,2025-09-26,BR008,,PROD042,4,238.13,M-Pesa,Kisumu,Completed
TXN018955,2025-04-27,BR001,CUST00765,PROD019,,238.98,M-Pesa,Nairobi,Completed
TXN014020,2025-07-11,BR002,CUST01134,PROD114,2,204.92,M-Pesa,Nairobi,Completed
TXN003212,2025-02-10,BR006,CUST02138,PROD066,8,205.76,M-Pesa,Nakuru,Completed
TXN015030,2026-03-30,BR001,CUST01358,PROD006,,520.47,M-Pesa,Nairobi,Refunded
TXN007714,2025-01-17,BR006,,PROD050,1,136.73,M-Pesa,Nakuru,Cancelled
TXN012636,2025-08-11,BR012,,PROD066,3,198.26,Card,Kakamega,Completed
TXN013476,2026-01-27,BR003,CUST01998,PROD110,1,70.23,M-Pesa,Nairobi,Refund
TXN002287,2025-05-18,BR005,CUST02067,PROD115,,173.39,Card,Kiambu,Completed
TXN011539,2025-02-01,BR005,CUST01311,PROD081,,922.31,Bank Transfer,Kiambu,Completed
TXN002980,2025-03-11,BR001,CUST02742,PROD045,1,1207.25,Cash,Nairobi,cancelled 
TXN007958,2025-07-21,BR001,CUST00823,PROD015,1,1132.03,M-Pesa,Nairobi,COMPLETED
TXN017072,2025-06-07,BR004,CUST00978,PROD055,,1532.41,Card,Kiambu,Completed
TXN014610,2026-04-18,BR001,CUST01294,PROD042,3,252.08,M-Pesa,Nairobi,Completed
TXN004621,2026-05-17,BR010,CUST02172,PROD018,3,252.23,M-Pesa,nairobi,Completed
TXN005100,2025-12-21,BR010,CUST00746,PROD109,,2327.91,Cash,Machakos,Completed
TXN004004,2026-08-25,BR008,CUST00549,PROD099,10,KES 341.89,Cash,Kisumu,Completed
TXN003256,2025-08-13,BR008,CUST01587,PROD107,2,496.08,M-Pesa,Kisumu,complete
TXN006037,2025-10-08,BR001,CUST01391,PROD004,2,580.6,M-Pesa,Nbi,Completed
TXN010028,2025-12-29,BR010,CUST02151,PROD106,1,306.5,M-Pesa,Nbi,Completed
TXN014481,2026-01-04,BR010,,PROD049,6,545.67,M-Pesa,Machakos,Completed
TXN018412,2025-01-24,BR006,CUST01876,PROD076,1,KES 314.57,M-Pesa,Nakuru,Completed
TXN017489,2026-08-24,BR004,CUST01668,PROD094,,72.06,M-Pesa,Kiambu,Completed
TXN007017,2025-09-18,BR006,CUST01848,PROD065,1,151.96,Bank Transfer,Nakuru,Completed
TXN012096,2025-05-18,BR003,CUST01104,PROD045,,1264.33,M-Pesa,Nairobi,Completed
TXN002418,2026-01-06,BR006,CUST01462,PROD061,,2100.92,Cash,Nakuru,Completed
TXN010957,2025-10-24,BR008,CUST02246,PROD120,2,1012.57,M-Pesa,Kisumu,Completed
TXN004846,2025-12-30,BR010,,PROD117,1,2502.05,M-Pesa,Machakos,Completed
TXN008252,2026-05-07,BR002,CUST02697,PROD042,1,KES 246.52,Bank Transfer,Nairobi,Completed
TXN016037,30/06/2026,BR004,CUST00534,PROD025,1,53.46,M-Pesa,Kiambu,Completed
TXN013869,2026-01-10,BR006,CUST02723,PROD108,1,166.74,Cash,Nbi,Refunded
TXN016663,2025-03-16,BR007,,PROD111,2,626.69,M-Pesa,Mombasa,Completed
TXN016077,2025-09-02,BR005,CUST00139,PROD009,2,301.79,Card,Kiambu,COMPLETED
TXN009979,2025-05-29,BR005,,PROD002,1,194.67,M-Pesa,Kiambu,Completed
TXN011043,2025-07-22,BR011,,PROD034,3,139.38,Card,Kajiado,Completed
TXN015432,2025-03-26,BR002,CUST01988,PROD076,4,KES 318.58,M-Pesa,Nairobi,Completed
TXN002484,2026-07-18,BR008,CUST01773,PROD073,1,KES 320.38,M-Pesa,Kisumu,Completed
TXN018945,2025-07-15,BR001,CUST02921,PROD061,,2178.35,Cash,Nairobi,Cancelled
TXN006899,2025-11-01,BR002,CUST01195,PROD051,2,214.41,Cash,Nairobi,COMPLETED
TXN001838,2025-05-29,BR008,CUST01890,PROD043,,315.01,Cash,Kisumu,Completed
TXN009304,2025-12-26,BR002,CUST02025,PROD027,,219.12,Card,Nairobi,Cancelled
TXN018802,2025-05-01,BR003,CUST00631,PROD023,2,1538.71,Cash,Nairobi,COMPLETED
TXN017307,2026-05-07,BR008,CUST02684,PROD113,,692.2,M-Pesa,Kisumu,Completed
TXN007111,2026-01-09,BR004,CUST02442,PROD044,4,335.04,Card,Kiambu,Completed
TXN019193,2025-09-13,BR001,,PROD117,1,2449.13,M-Pesa,Nairobi,Completed
TXN012601,19/04/2025,BR004,CUST00203,PROD103,2,552.17,Bank Transfer,Kiambu,Completed
TXN000636,2025-08-13,BR006,CUST01154,PROD053,3,4290.98,Card,Nakuru,Completed
TXN019264,26/03/2025,BR002,CUST00009,PROD001,5,217.32,M-Pesa,Nairobi,Completed
TXN008819,2026-04-01,BR009,CUST02348,PROD048,3,769.73,M-Pesa,Uasin Gishu,Completed
TXN004676,2025-03-21,BR009,,PROD065,2,145.58,M-Pesa,Uasin Gishu,Completed
TXN015086,2025-07-20,BR004,CUST03000,PROD044,1,324.72,M-Pesa,Kiambu,Completed
TXN010960,2026-04-25,BR003,CUST00770,PROD107,1,480.51,Bank Transfer,Nairobi,Completed
TXN016760,2025-01-17,BR009,CUST01337,PROD057,3,59.97,M-Pesa,Nbi,Completed
TXN006011,2025-08-29,BR003,CUST00609,PROD081,,909.46,M-Pesa,Nairobi,Completed
TXN001972,2026-03-06,BR006,CUST01937,PROD050,3,138.05,M-Pesa,Nakuru,COMPLETED
TXN009470,2025-03-21,BR009,CUST00228,PROD090,1,49.75,M-Pesa,Uasin Gishu,Refunded
TXN003369,01/01/2026,BR004,CUST01704,PROD026,6,92.9,Card,Kiambu,Completed
TXN019961,2025-10-16,BR010,CUST00300,PROD038,1,526.25,Cash,Machakos,Completed
TXN018223,2025-11-12,BR008,CUST00627,PROD042,1,240.33,M-Pesa,Kisumu,COMPLETED
TXN019633,2025-10-27,BR006,CUST01906,PROD060,1,KES 405.46,Cash,Nakuru,Completed
TXN007819,12/01/2025,BR010,CUST01496,PROD082,3,227.78,Cash,Machakos,Completed
TXN008181,20/11/2025,BR009,CUST01830,PROD109,8,2173.72,M-Pesa,Uasin Gishu,Completed
TXN005213,2025-07-29,BR001,CUST02153,PROD081,1,KES 916.93,Bank Transfer,Nairobi,Completed
TXN002141,2026-07-25,BR003,CUST00355,PROD098,2,151.28,Cash,Nairobi,Completed
TXN009686,2026-07-31,BR010,CUST01179,PROD065,,150.88,M-Pesa,Machakos,Completed
TXN019609,2025-08-15,BR001,CUST00525,PROD074,5,301.42,Card,Nairobi,Refund
TXN014956,2025-11-22,BR006,CUST02671,PROD027,2,KES 219.41,M-Pesa,Nakuru,Completed
TXN012588,2025-08-24,BR002,CUST02148,PROD111,3,600.25,Card,NAIROBI ,Completed
TXN014135,2026-08-25,BR010,CUST01158,PROD007,3,891.43,M-Pesa,NAIROBI ,Completed
TXN009641,2025-01-31,BR010,CUST00108,PROD031,2,KES 664.90,Card,Machakos,Cancelled
TXN014083,24/04/2025,BR007,CUST01195,PROD009,5,319.89,Bank Transfer,Mombasa,Completed
TXN008344,2025-07-26,BR007,CUST02372,PROD105,1,331.04,M-Pesa,Mombasa ,Completed
TXN016743,19/02/2025,BR008,CUST01875,PROD065,1,152.41,M-Pesa,Kisumu,Completed
TXN012781,21/04/2025,BR011,CUST01671,PROD017,2,656.13,M-Pesa,Kajiado,Completed
TXN008060,2025-04-07,BR002,,PROD008,4,506.91,M-Pesa,Nairobi,Completed
TXN006611,2026-08-27,BR003,,PROD059,1,232.86,M-Pesa,Nairobi,Completed
TXN013445,2026-07-16,BR008,,PROD051,2,215.89,M-Pesa,Kisumu,Cancelled
TXN004825,2025-03-01,BR001,CUST02181,PROD072,2,KES 628.72,M-Pesa,Nairobi,Completed
TXN002801,2025-09-20,BR006,CUST02561,PROD054,1,227.91,Card,Kiambu County,Completed
TXN013221,2026-04-27,BR010,,PROD090,2,48.81,Cash,Machakos,Completed
TXN001092,2026-07-19,BR007,CUST02871,PROD041,3,300.63,M-Pesa,Mombasa,Completed
TXN004213,2025-05-07,BR001,CUST02194,PROD058,1,88.4,M-Pesa,NAIROBI ,Completed
TXN004167,2026-05-08,BR009,CUST01824,PROD089,,89.19,M-Pesa,Uasin Gishu,Completed
TXN018438,2025-12-18,BR003,CUST01865,PROD080,,977.33,M-Pesa,Nairobi,Completed
TXN003007,2026-02-25,BR006,CUST02029,PROD014,,113.55,M-Pesa,Nakuru,Completed
TXN014961,08/03/2026,BR008,CUST02579,PROD081,1,933.0,M-Pesa,Kisumu,Completed
TXN015851,2025-11-28,BR006,CUST02209,PROD012,8,KES 186.40,M-Pesa,Nakuru,Completed
TXN002856,2026-03-03,BR012,CUST02689,PROD026,,89.8,Card,Kakamega,Completed
TXN015972,2026-07-18,BR010,,PROD111,3,612.77,M-Pesa,Machakos,Completed
TXN010679,2025-06-03,BR003,CUST02115,PROD088,,1278.04,Card,Nairobi,Completed
TXN010283,2025-04-28,BR003,,PROD105,2,346.79,Card,Nairobi,Completed
TXN001748,2025-04-15,BR008,,PROD113,2,737.59,M-Pesa,Kisumu,Completed
TXN014303,2026-06-13,BR001,CUST01474,PROD063,1,KES 476.15,M-Pesa,Nairobi,Completed
TXN013050,2025-04-12,BR007,CUST01253,PROD059,3,KES 236.35,M-Pesa,Mombasa,Completed
TXN015291,2025-11-01,BR001,CUST02903,PROD009,,303.41,M-Pesa,Nairobi,Cancelled
TXN009914,2025-11-23,BR008,CUST00491,PROD053,2,4159.85,M-Pesa,Kisumu ,Completed
TXN018837,2025-03-04,BR001,CUST01556,PROD034,,139.5,M-Pesa,Nairobi,Completed
TXN001353,2026-01-05,BR003,CUST01973,PROD051,6,KES 223.01,Bank Transfer,Nairobi,Completed
TXN013341,2026-06-21,BR009,,PROD111,2,593.77,Card,Uasin Gishu,Completed
TXN000211,2026-07-29,BR002,CUST01774,PROD057,1,60.2,Cash,Nairobi,COMPLETED
TXN007447,2025-03-02,BR010,CUST02434,PROD101,2,2845.45,Cash,Machakos,Completed
TXN014983,2025-11-08,BR003,CUST01214,PROD058,1,82.66,Bank Transfer,Nairobi,Completed
TXN016808,2025-02-15,BR002,CUST02669,PROD035,4,KES 391.78,Cash,Nairobi,Completed
TXN016559,21/04/2026,BR006,CUST02013,PROD016,1,638.0,M-Pesa,Nakuru,Completed
TXN017015,2025-01-24,BR011,CUST02542,PROD072,3,611.89,M-Pesa,Kajiado,Completed
TXN013987,25/08/2025,BR001,CUST00485,PROD105,1,342.28,M-Pesa,Nairobi,Completed
TXN016209,21/04/2026,BR004,CUST02566,PROD070,1,496.89,M-Pesa,Kiambu,Completed
TXN013281,2025-10-27,BR002,CUST02191,PROD045,1,1206.21,Card,nairobi,Completed
TXN017591,2025-02-04,BR004,CUST02597,PROD023,10,"KES 1,501.53",Cash,Kiambu,Completed
TXN014831,2026-06-04,BR006,,PROD028,1,398.22,M-Pesa,Nakuru,Completed
TXN005522,2026-04-26,BR001,CUST02460,PROD117,,2457.64,M-Pesa,Nairobi,Completed
TXN009248,2025-10-23,BR006,CUST01344,PROD040,2,388.71,M-Pesa,Kiambu County,Completed
TXN002541,2026-03-26,BR009,,PROD005,1,3340.46,Card,Uasin Gishu,Completed
TXN006665,2026-03-13,BR012,CUST02357,PROD010,2,KES 309.82,M-Pesa,Kakamega,Completed
TXN010339,2025-08-28,BR007,,PROD011,5,513.91,M-Pesa,Mombasa,Completed
TXN013377,2025-10-21,BR012,CUST02404,PROD117,1,2407.54,Bank Transfer,Kakamega,Cancelled
TXN007177,2026-05-05,BR001,CUST02061,PROD097,2,128.33,Card,Nairobi,Completed
TXN008214,2025-01-02,BR003,CUST01620,PROD015,,1124.32,M-Pesa,Nairobi,Completed
TXN016240,2026-02-12,BR001,CUST02631,PROD082,,228.5,M-Pesa,Nairobi,Completed
TXN012041,2025-04-04,BR007,CUST02916,PROD102,1,506.76,M-Pesa,Mombasa,COMPLETED
TXN019159,2025-04-02,BR010,CUST02895,PROD021,1,5112.3,Bank Transfer,Machakos,Completed
TXN006315,2025-03-25,BR008,CUST00861,PROD029,2,2089.92,Bank Transfer,Nbi,Completed
TXN019497,2025-09-12,BR001,CUST02051,PROD067,1,KES 192.65,Bank Transfer,Nairobi,Completed
TXN017481,2026-08-05,BR006,CUST02874,PROD014,1,110.83,M-Pesa,Nakuru,COMPLETED
TXN008286,2026-04-28,BR004,,PROD101,3,2797.72,Cash,Kiambu,Completed
TXN012530,2025-02-11,BR002,CUST00024,PROD033,2,KES 160.58,Card,Nairobi,Completed
TXN016896,2025-07-09,BR001,CUST02289,PROD054,2,KES 223.41,Cash,Nairobi,Completed
TXN012373,2025-04-11,BR001,CUST00821,PROD006,,515.71,M-Pesa,Nairobi,Completed
TXN010932,2025-07-02,BR001,,PROD006,3,526.08,Card,Nairobi,Completed
TXN018382,2025-08-08,BR008,CUST01603,PROD013,4,2237.49,Cash,NAIROBI ,Completed
TXN014592,2025-03-22,BR010,CUST02342,PROD011,1,505.22,Card,Machakos,COMPLETED
TXN017021,02/04/2025,BR008,CUST00327,PROD041,2,306.88,M-Pesa,Kisumu,Completed
TXN015277,02/05/2026,BR012,CUST02805,PROD073,1,314.65,M-Pesa,Kakamega,Completed
TXN011674,2025-01-11,BR009,CUST00957,PROD071,2,903.22,M-Pesa,nairobi,Completed
TXN014548,2026-07-11,BR004,,PROD037,1,4133.37,Bank Transfer,Kiambu,Completed
TXN006299,2026-01-25,BR008,CUST02712,PROD112,2,992.96,M-Pesa,Kisumu,Completed
TXN006514,2026-06-06,BR001,CUST00837,PROD025,5,55.08,Card,Nairobi,COMPLETED
TXN001426,2025-04-02,BR009,CUST01996,PROD060,10,405.01,M-Pesa,Uasin Gishu,Completed
TXN016793,2026-02-03,BR006,CUST01318,PROD066,10,200.08,Card,Kiambu County,Completed
TXN017256,2026-03-18,BR004,,PROD115,1,168.69,Cash,Kiambu,Completed
TXN002686,06/08/2025,BR005,CUST02456,PROD023,4,1450.36,Bank Transfer,Kiambu,Completed
TXN018536,2025-10-12,BR002,,PROD031,5,678.67,Cash,Nairobi,Completed
TXN015758,2025-12-29,BR009,CUST00971,PROD093,,946.54,Cash,Uasin Gishu,Completed
TXN019764,2025-08-14,BR007,CUST02661,PROD098,1,KES 152.53,M-Pesa,Mombasa,Completed
TXN008709,2026-08-26,BR006,CUST00700,PROD117,2,2537.58,M-Pesa,Nakuru,Completed
TXN013708,13/08/2026,BR003,CUST00446,PROD002,1,185.78,Card,Nairobi,Completed
TXN015086,2025-07-20,BR004,CUST03000,PROD044,1,324.72,M-Pesa,Kiambu,Completed
TXN007116,2026-03-10,BR001,CUST00159,PROD014,3,110.97,Cash,Nairobi,Completed
TXN019674,2025-04-03,BR001,CUST02915,PROD029,,2104.15,M-Pesa,Nairobi,Completed
TXN018817,2026-05-22,BR011,,PROD051,1,219.33,M-Pesa,Kajiado,Completed
TXN016022,06/02/2025,BR007,CUST00680,PROD116,3,225.29,M-Pesa,Mombasa,Completed
TXN007680,2025-10-11,BR002,CUST02786,PROD018,,244.29,M-Pesa,Nairobi,Refunded
TXN018861,2026-04-16,BR007,CUST02652,PROD023,2,1503.62,Cash,Mombasa,complete
TXN015203,2026-03-02,BR004,CUST00637,PROD064,,1472.07,M-Pesa,Kiambu,Completed
TXN010346,2025-12-23,BR008,CUST01881,PROD002,10,KES 185.35,M-Pesa,Kisumu,Completed
TXN000222,14/03/2026,BR012,CUST01300,PROD011,1,524.69,Card,Kakamega,Completed
TXN018668,2026-08-31,BR008,CUST02373,PROD090,,49.89,M-Pesa,Kisumu,Completed
TXN008112,2026-05-07,BR011,CUST01397,PROD067,,188.02,Bank Transfer,Kajiado,Completed
TXN014053,2025-01-07,BR007,CUST00435,PROD114,,208.33,M-Pesa,Mombasa,Completed
TXN013687,2026-05-07,BR003,CUST02474,PROD046,2,97.27,M-Pesa,Nairobi,cancelled 
TXN010971,2025-03-07,BR005,CUST02391,PROD051,,225.11,M-Pesa,Kiambu,Completed
TXN002698,2026-07-27,BR002,CUST00778,PROD003,2,KES 226.36,M-Pesa,Nairobi,Completed
TXN002892,2025-03-20,BR007,,PROD039,6,830.09,M-Pesa,Mombasa,Completed
TXN014949,2025-05-21,BR001,CUST00816,PROD047,1,KES 607.60,Card,Nairobi,Completed
TXN013632,2026-03-30,BR002,CUST00681,PROD016,,640.26,M-Pesa,Nairobi,Completed
TXN009556,03/02/2025,BR005,CUST02338,PROD073,1,308.92,M-Pesa,Kiambu,Completed
TXN011760,2026-05-17,BR011,CUST02710,PROD013,,2236.24,M-Pesa,Kajiado,Completed
TXN019749,2026-08-29,BR009,,PROD023,2,1481.65,Card,Uasin Gishu,Completed
TXN018976,2025-12-14,BR002,,PROD106,1,310.24,M-Pesa,Nairobi,Completed
TXN006578,2025-04-09,BR003,CUST00624,PROD066,,203.22,Bank Transfer,Nairobi,Completed
TXN010280,2025-05-02,BR006,CUST01249,PROD033,,165.16,M-Pesa,Nakuru,Completed
TXN002270,2026-06-20,BR012,CUST02717,PROD083,1,157.89,Cash,Kakamega,Completed
TXN007296,2025-05-08,BR011,CUST00098,PROD065,2,KES 145.56,M-Pesa,Kajiado,Completed
TXN003941,2026-05-17,BR004,CUST00948,PROD100,1,630.41,M-Pesa,NAIROBI ,Completed
TXN007503,2025-12-24,BR003,CUST02523,PROD070,5,KES 499.43,M-Pesa,Nairobi,Completed
TXN018321,2026-06-18,BR001,,PROD031,2,663.89,M-Pesa,Nairobi,Completed
TXN009038,2025-10-01,BR011,CUST01576,PROD082,2,214.78,M-Pesa,Kajiado,Completed
TXN005066,2025-05-14,BR008,,PROD081,2,911.91,Cash,Kisumu,Completed
TXN015322,2026-01-19,BR004,CUST01604,PROD043,1,305.84,M-Pesa,Kiambu,cancelled 
TXN003629,2025-04-02,BR003,CUST02843,PROD066,,197.84,M-Pesa,Nairobi,Completed
TXN018010,2026-05-29,BR009,CUST01616,PROD075,2,330.76,Card,Uasin Gishu ,Completed
TXN005404,2025-05-16,BR006,CUST00240,PROD073,3,306.46,M-Pesa,Nakuru,Completed
TXN012137,2026-07-21,BR007,CUST01439,PROD008,,513.01,Cash,Mombasa,Completed
TXN013948,02/10/2025,BR007,CUST01439,PROD105,2,328.3,M-Pesa,Mombasa,Completed
TXN012402,2026-03-08,BR001,CUST00836,PROD086,3,250.75,M-Pesa,Nairobi,Completed
TXN000434,2025-08-17,BR001,CUST01200,PROD071,1,930.39,Card,Nairobi,Completed
TXN017002,2026-01-12,BR009,CUST01975,PROD067,2,185.56,M-Pesa,Uasin Gishu ,Completed
TXN013390,2026-08-05,BR003,CUST02948,PROD065,1,149.7,M-Pesa,Nairobi,Completed
TXN001014,2025-01-07,BR009,,PROD111,1,610.84,M-Pesa,Uasin Gishu,Completed
TXN017783,02/07/2026,BR011,CUST02189,PROD108,4,162.64,M-Pesa,Kajiado,Completed
TXN003625,2025-11-30,BR009,CUST02650,PROD006,10,522.88,M-Pesa,Uasin Gishu,Cancelled
TXN012918,14/07/2025,BR007,CUST00595,PROD027,1,221.55,M-Pesa,Mombasa,Completed
TXN008274,2026-06-28,BR003,CUST03000,PROD017,1,646.64,Bank Transfer,Nairobi,Completed
TXN007348,2025-05-24,BR012,CUST00610,PROD019,2,231.03,Cash,Kakamega,complete
TXN017429,2025-04-22,BR002,CUST01464,PROD081,2,905.04,Card,Nairobi,COMPLETED
TXN011505,2026-07-27,BR009,CUST02781,PROD099,1,342.37,Cash,NAIROBI ,Completed
TXN007255,2026-02-07,BR007,CUST01845,PROD091,4,275.04,M-Pesa,Mombasa,Completed
TXN008470,2026-03-03,BR004,CUST01606,PROD020,1,245.99,M-Pesa,Kiambu ,Completed
TXN016825,11/02/2026,BR001,CUST02584,PROD099,8,332.99,Card,Nairobi,Completed
TXN008306,05/01/2026,BR001,CUST02103,PROD058,2,84.18,M-Pesa,Nairobi,Completed
TXN009317,2025-01-28,BR001,CUST02136,PROD086,3,250.99,Bank Transfer,Nairobi,Refunded
TXN004377,2026-08-23,BR006,,PROD032,1,2296.9,M-Pesa,Nakuru,Completed
TXN004080,2025-01-28,BR004,CUST00273,PROD006,1,535.02,M-Pesa,Kiambu,complete
TXN016322,23/04/2026,BR006,CUST02702,PROD029,6,2129.85,M-Pesa,Nakuru,Completed
TXN005667,2026-03-07,BR012,CUST01008,PROD028,3,417.44,M-Pesa,Kakamega,COMPLETED
TXN012601,19/04/2025,BR004,CUST00203,PROD103,2,552.17,Bank Transfer,Kiambu,Completed
TXN005242,2026-01-10,BR001,CUST02348,PROD080,5,986.57,Bank Transfer,Nairobi,Refund
TXN013116,2026-03-29,BR008,CUST00354,PROD108,1,KES 165.04,Card,Kisumu,Completed
TXN002441,29/01/2026,BR012,CUST00363,PROD083,1,159.51,Bank Transfer,Kakamega,Completed
TXN008839,2026-01-22,BR001,CUST02643,PROD012,3,189.88,M-Pesa,Nairobi,Completed
TXN017927,2026-02-11,BR007,CUST01063,PROD026,4,93.08,M-Pesa,Mombasa,Completed
TXN019806,2025-05-24,BR006,CUST01255,PROD003,2,224.32,M-Pesa,NAIROBI ,Completed
TXN000065,2026-02-28,BR006,CUST00062,PROD001,,217.66,Cash,Nakuru,Completed
TXN019175,2025-07-18,BR007,CUST02330,PROD067,1,194.63,M-Pesa,Mombasa ,Completed
TXN010805,2025-10-15,BR002,CUST00653,PROD089,3,88.29,Card,Nairobi,cancelled 
TXN010241,24/11/2025,BR008,CUST00385,PROD115,2,165.67,M-Pesa,Kisumu,Completed
TXN014732,2025-11-08,BR002,,PROD010,3,305.67,Card,Nairobi,Completed
TXN004473,2025-12-24,BR006,CUST01875,PROD043,2,323.66,M-Pesa,NAIROBI ,Completed
TXN019776,2026-05-13,BR008,CUST00439,PROD021,3,"KES 5,135.06",Card,Kisumu,Completed
TXN000199,18/06/2026,BR004,CUST01276,PROD080,2,989.62,Card,Kiambu,Completed
TXN019654,2025-02-27,BR006,CUST00661,PROD011,1,499.09,Card,Nakuru,Completed
TXN011674,2025-01-11,BR009,CUST00957,PROD071,2,903.22,M-Pesa,nairobi,Completed
TXN013286,2025-09-01,BR001,CUST02823,PROD073,,314.33,M-Pesa,Nairobi,Completed
TXN009011,2025-07-11,BR008,CUST00777,PROD115,3,175.66,M-Pesa,Kisumu,Cancelled
TXN000500,15/01/2026,BR008,CUST01354,PROD091,1,269.82,M-Pesa,Kisumu,Completed
TXN012010,2026-04-11,BR012,CUST00622,PROD102,8,512.01,M-Pesa,Kakamega,cancelled 
TXN004020,2026-03-11,BR005,CUST01542,PROD101,4,2820.65,M-Pesa,Kiambu ,Cancelled
TXN009065,2026-04-15,BR004,CUST02166,PROD098,1,155.95,M-Pesa,Nbi,Completed
TXN014433,2026-06-11,BR004,CUST00557,PROD046,2,102.46,M-Pesa,Kiambu,Completed
TXN005218,2025-02-02,BR006,,PROD070,2,507.4,M-Pesa,Nakuru,Completed
TXN002511,16/02/2026,BR002,CUST01720,PROD087,2,2290.16,Card,Nairobi,Completed
TXN014456,2025-02-12,BR002,CUST02156,PROD099,1,351.48,Card,Nairobi,Cancelled
TXN018074,2025-10-25,BR002,CUST00851,PROD094,10,72.8,Cash,Nairobi,cancelled 
TXN012133,2026-07-22,BR009,CUST01261,PROD005,,3383.25,M-Pesa,Uasin Gishu,Completed
TXN005182,07/01/2026,BR011,CUST02524,PROD046,1,103.39,M-Pesa,Kajiado,Completed
TXN018310,03/12/2025,BR001,CUST00242,PROD073,1,313.38,Cash,Nairobi,Completed
TXN014271,2026-08-17,BR003,CUST00679,PROD056,2,1171.89,Card,Nairobi,Refund
TXN000154,2026-08-11,BR008,CUST01879,PROD050,1,137.83,Cash,Kisumu,Completed
TXN013544,2025-02-03,BR004,,PROD027,1,220.07,M-Pesa,Kiambu,Completed
TXN009864,2025-01-27,BR012,CUST00930,PROD042,1,253.35,M-Pesa,Kiambu County,Completed
TXN017193,2026-01-29,BR011,,PROD113,4,701.87,M-Pesa,Kajiado,Completed
TXN008393,2025-10-29,BR001,CUST00287,PROD039,1,853.15,M-Pesa,Nairobi,complete
TXN006978,2026-08-20,BR011,CUST02671,PROD051,3,217.44,M-Pesa,Kiambu County,Completed
TXN006308,2025-12-17,BR011,CUST00687,PROD006,,526.4,Card,Kajiado,Completed
TXN001777,2026-07-02,BR009,CUST01484,PROD013,1,2248.25,M-Pesa,Uasin Gishu,COMPLETED
TXN009738,2026-03-18,BR012,CUST02672,PROD076,3,KES 302.24,Card,Kakamega,Completed
TXN007948,2025-08-24,BR007,CUST00245,PROD120,,1027.79,M-Pesa,Mombasa,Completed
TXN007150,2025-04-30,BR001,CUST00873,PROD018,,246.68,M-Pesa,Nairobi,Completed
TXN012071,2025-03-05,BR005,CUST01999,PROD053,1,4265.67,M-Pesa,nairobi,Completed
TXN001042,2026-04-27,BR005,CUST02545,PROD083,6,164.0,Card,Kiambu,Completed
TXN013750,2025-10-20,BR008,CUST02716,PROD015,1,1124.57,Card,Kisumu,Completed
TXN001349,2025-06-03,BR011,,PROD047,2,604.48,Card,Kajiado,Completed
TXN000678,2026-08-12,BR012,CUST00720,PROD001,3,214.41,Card,Kakamega,Completed
TXN012555,10/04/2026,BR005,CUST02778,PROD027,3,223.21,M-Pesa,Kiambu,Completed
TXN003645,2025-09-09,BR005,CUST02653,PROD069,1,"KES 3,594.84",M-Pesa,Kiambu,Completed
TXN000335,2026-04-18,BR012,,PROD003,3,230.5,M-Pesa,Kakamega,Completed
TXN010089,2025-01-21,BR003,CUST00404,PROD001,1,209.1,Bank Transfer,Nairobi,Refund
TXN001934,2025-11-17,BR004,CUST02139,PROD049,1,530.33,M-Pesa,Kiambu ,Completed
TXN005677,2025-09-20,BR007,CUST01010,PROD008,10,505.42,Bank Transfer,Kiambu County,Completed
TXN013011,2025-10-06,BR007,CUST00660,PROD067,,197.53,M-Pesa,Mombasa,Completed
TXN014048,2026-03-06,BR006,CUST01062,PROD072,2,KES 597.22,M-Pesa,Nakuru,Completed
TXN004364,2025-01-18,BR011,CUST00781,PROD098,4,147.12,M-Pesa,Kajiado,cancelled 
TXN014801,2025-06-10,BR007,CUST01577,PROD081,,903.93,M-Pesa,Mombasa,Completed
TXN005590,2025-03-30,BR008,CUST02837,PROD034,2,KES 134.41,Cash,Kisumu,Completed
TXN003898,2025-11-13,BR009,CUST00898,PROD052,1,131.2,M-Pesa,Uasin Gishu ,Completed
TXN011733,2025-02-12,BR002,CUST01554,PROD041,,296.85,M-Pesa,Nairobi,Completed
TXN005121,2025-04-10,BR001,,PROD041,2,303.53,M-Pesa,Nairobi,Completed
TXN009124,2026-04-17,BR004,CUST01494,PROD077,,2036.67,M-Pesa,Kiambu,Completed
TXN003799,2026-07-07,BR005,CUST02027,PROD049,1,563.16,M-Pesa,Kiambu,COMPLETED
TXN005525,2026-08-26,BR003,,PROD003,3,231.31,M-Pesa,Nairobi,Refunded
TXN011265,2025-06-08,BR004,CUST01010,PROD079,5,1129.09,M-Pesa,Kiambu,Completed
TXN010455,2025-11-18,BR002,,PROD004,3,568.25,Cash,Nairobi,Completed
TXN007256,2025-11-12,BR003,CUST01565,PROD046,1,101.17,Card,Kiambu County,Completed
TXN013262,2025-05-28,BR009,CUST01009,PROD025,4,KES 53.72,M-Pesa,Uasin Gishu,Completed
TXN017217,21/03/2025,BR010,CUST01813,PROD002,1,191.3,Cash,Machakos,Completed
TXN001485,2025-08-24,BR001,CUST00803,PROD042,2,245.59,M-Pesa,Nairobi,Completed
TXN010740,16/12/2025,BR005,CUST01306,PROD054,1,225.03,M-Pesa,Kiambu,Completed
TXN013343,2025-12-07,BR009,CUST02732,PROD057,2,60.67,M-Pesa,Uasin Gishu,complete
TXN015304,2025-06-13,BR002,CUST00197,PROD016,1,631.91,Bank Transfer,Nairobi,Completed
TXN002455,2026-01-08,BR012,CUST01428,PROD011,1,506.71,M-Pesa,Kakamega,Completed
TXN000800,2025-11-08,BR005,,PROD108,8,169.88,Bank Transfer,Kiambu,Completed
TXN013993,2025-11-21,BR001,,PROD035,5,392.74,M-Pesa,Nairobi,Completed
TXN006011,2025-08-29,BR003,CUST00609,PROD081,,909.46,M-Pesa,Nairobi,Completed
TXN014790,13/03/2026,BR003,CUST00136,PROD115,1,166.09,M-Pesa,Nairobi,Completed
TXN002363,26/05/2026,BR011,CUST00597,PROD072,2,602.16,M-Pesa,Kajiado,Completed
TXN002653,21/07/2025,BR012,CUST02152,PROD120,2,1051.19,M-Pesa,Kakamega,Completed
TXN003914,2025-08-27,BR006,CUST01347,PROD037,1,4096.3,Cash,nairobi,Cancelled
TXN005904,2025-12-29,BR011,CUST00698,PROD094,1,70.51,Cash,Kajiado ,Completed
TXN014885,2026-05-17,BR002,CUST00209,PROD002,1,189.97,Card,NAIROBI ,Completed
TXN019941,2026-03-10,BR009,,PROD018,3,254.26,M-Pesa,Uasin Gishu,Completed
TXN002964,13/08/2025,BR005,CUST02952,PROD107,2,468.52,Card,Kiambu,Completed
TXN006344,2025-05-02,BR010,CUST01359,PROD044,1,331.27,M-Pesa,NAIROBI ,Completed
TXN005624,2025-05-10,BR007,CUST01133,PROD018,2,254.08,M-Pesa,Mombasa,Completed
TXN015905,2025-05-28,BR003,CUST00694,PROD020,2,239.81,M-Pesa,Nairobi ,Completed
TXN003055,2025-06-29,BR007,CUST00546,PROD043,4,307.59,Card,Mombasa,Completed
TXN009792,2025-07-04,BR009,CUST02251,PROD082,2,226.21,M-Pesa,Uasin Gishu,complete
TXN002087,03/04/2026,BR001,CUST00391,PROD034,1,133.05,M-Pesa,Nairobi,Completed
TXN019560,2025-12-12,BR006,,PROD083,5,155.61,M-Pesa,Nakuru,Cancelled
TXN019702,2025-10-01,BR008,CUST01857,PROD090,1,51.2,M-Pesa,Kisumu,Completed
TXN001390,2026-04-19,BR009,,PROD044,3,341.73,M-Pesa,Uasin Gishu,Cancelled
TXN017708,2026-01-14,BR008,CUST00602,PROD054,2,221.33,M-Pesa,Kisumu,cancelled 
TXN005459,2025-07-04,BR007,,PROD027,8,221.54,Card,Mombasa,Completed
TXN005906,2025-11-01,BR003,CUST01361,PROD001,3,204.54,M-Pesa,Nairobi,Refund
TXN006717,2025-09-11,BR001,,PROD074,3,291.49,M-Pesa,Nairobi,Completed
TXN008659,2025-10-09,BR009,CUST00968,PROD055,2,"KES 1,568.58",M-Pesa,Uasin Gishu,Completed
TXN009362,2025-09-09,BR002,CUST01713,PROD043,,316.34,Bank Transfer,Nairobi,Refunded
TXN010916,26/08/2025,BR004,CUST01472,PROD025,1,56.73,Cash,Kiambu,Completed
TXN003455,02/08/2025,BR001,CUST00804,PROD056,4,1143.14,M-Pesa,Nairobi,Completed
TXN014956,2025-11-22,BR006,CUST02671,PROD027,2,KES 219.41,M-Pesa,Nakuru,Completed
TXN005180,2025-05-18,BR005,CUST01017,PROD115,1,165.57,Card,Kiambu,Refund
TXN014468,07/04/2026,BR008,CUST01415,PROD106,2,301.61,Card,Kisumu,Completed
TXN002002,2026-02-24,BR007,CUST02086,PROD099,,350.04,M-Pesa,Mombasa,Completed
TXN019702,2025-10-01,BR008,CUST01857,PROD090,1,51.2,M-Pesa,Kisumu,Completed
TXN010704,23/05/2026,BR004,CUST02735,PROD027,1,214.54,M-Pesa,Kiambu,Completed
TXN005258,2025-11-22,BR001,CUST02360,PROD108,2,164.0,M-Pesa,Kiambu County,Completed
TXN002120,2025-06-26,BR005,,PROD027,5,226.69,M-Pesa,Kiambu,Completed
TXN001897,2026-08-14,BR005,CUST01888,PROD057,1,59.25,M-Pesa,Kiambu,COMPLETED
TXN015748,2026-01-01,BR008,CUST01046,PROD108,1,KES 163.72,Cash,Kisumu,Completed
TXN009222,2025-09-18,BR010,CUST01852,PROD098,2,153.4,Cash,Machakos,Completed
TXN010805,2025-10-15,BR002,CUST00653,PROD089,3,88.29,Card,Nairobi,cancelled 
TXN002707,2025-04-20,BR006,CUST02016,PROD091,2,261.37,Cash,Nakuru,Completed
TXN002184,2025-01-05,BR011,CUST02167,PROD009,5,313.35,Bank Transfer,Kajiado,Refund
TXN008390,2025-09-26,BR004,CUST00107,PROD042,3,238.03,M-Pesa,Nbi,Cancelled
TXN003918,2025-11-22,BR009,CUST00379,PROD032,,2233.0,Cash,Uasin Gishu,Completed
TXN007786,2025-05-11,BR004,CUST02235,PROD089,,88.91,M-Pesa,Kiambu,Completed
TXN018067,2026-04-05,BR012,CUST02755,PROD105,,335.16,Cash,Kakamega,Completed
TXN014792,2025-07-13,BR002,CUST00375,PROD025,1,53.5,M-Pesa,Nairobi,Completed
TXN001784,2025-06-18,BR007,CUST01462,PROD030,1,97.85,M-Pesa,Mombasa,Cancelled
TXN006397,2025-02-25,BR007,CUST00669,PROD115,1,174.83,Card,Mombasa,Completed
TXN014361,2026-03-05,BR003,CUST02876,PROD020,,236.7,Card,Nairobi,Completed
TXN015937,2025-10-31,BR008,CUST01941,PROD087,1,2331.91,M-Pesa,Kisumu,Completed
TXN006238,2026-06-20,BR005,CUST02679,PROD119,5,"KES 2,468.72",M-Pesa,Kiambu,Completed
TXN011627,2025-09-15,BR004,CUST00324,PROD031,2,663.28,Bank Transfer,Kiambu,Completed
TXN014091,2025-10-13,BR010,,PROD056,1,1142.67,M-Pesa,Machakos,Completed
TXN000152,22/01/2025,BR008,CUST01029,PROD091,6,263.86,Bank Transfer,Kisumu,Completed
TXN015153,2025-09-13,BR003,CUST01304,PROD089,2,KES 91.26,M-Pesa,Nairobi,Completed
TXN005036,25/08/2026,BR007,CUST00477,PROD017,2,654.66,M-Pesa,Mombasa,Completed
TXN016579,2025-10-04,BR008,CUST01595,PROD035,,390.81,Card,Kisumu,Completed
TXN006326,2025-05-30,BR009,CUST00983,PROD105,1,KES 327.90,Card,Uasin Gishu,Completed
TXN015785,2026-07-05,BR005,,PROD074,2,301.06,M-Pesa,Kiambu,Completed
TXN006863,2025-11-26,BR011,CUST02124,PROD086,,253.91,Card,Kajiado,Completed
TXN009262,2025-03-02,BR006,,PROD074,1,295.44,M-Pesa,Nakuru,Completed
TXN013431,2025-02-19,BR009,CUST01557,PROD051,5,222.96,M-Pesa,Kiambu County,Completed
TXN013106,12/01/2026,BR001,CUST01610,PROD105,1,341.08,M-Pesa,Nairobi,Completed
TXN015271,2026-02-16,BR007,CUST02975,PROD073,2,313.69,Cash,Mombasa,Completed
TXN000702,2025-08-21,BR008,CUST00894,PROD043,1,310.81,Cash,Kisumu,Completed
TXN016194,2025-06-01,BR003,,PROD042,2,239.98,M-Pesa,Nairobi,Completed
TXN010388,2025-09-12,BR001,CUST02880,PROD081,,933.4,Bank Transfer,Nairobi,Completed
TXN009456,2026-07-17,BR002,CUST00993,PROD083,,155.66,M-Pesa,Nairobi,Completed
TXN017011,2025-07-29,BR012,CUST00654,PROD015,3,1132.47,M-Pesa,Kakamega,complete
TXN013399,2025-11-08,BR009,CUST00799,PROD011,,504.52,M-Pesa,Uasin Gishu,Completed
TXN014983,2025-11-08,BR003,CUST01214,PROD058,1,82.66,Bank Transfer,Nairobi,Completed
TXN002270,2026-06-20,BR012,CUST02717,PROD083,1,157.89,Cash,Kakamega,Completed
TXN011893,07/05/2026,BR002,CUST02807,PROD067,3,192.67,M-Pesa,Nairobi,Completed
TXN010017,23/03/2026,BR006,CUST02568,PROD119,2,2621.65,Card,Nakuru,Completed
TXN004237,2025-06-10,BR005,CUST00699,PROD006,,531.41,Cash,Kiambu,Cancelled
TXN007256,2025-11-12,BR003,CUST01565,PROD046,1,101.17,Card,Kiambu County,Completed
TXN016867,2025-05-29,BR011,CUST00213,PROD019,1,KES 227.09,M-Pesa,Kajiado,Completed
TXN008825,2026-08-25,BR002,CUST01725,PROD103,,576.2,Cash,Nairobi,Completed
TXN012436,2025-05-17,BR002,CUST01515,PROD117,4,2538.14,Bank Transfer,Nairobi,Completed
TXN010992,2025-04-18,BR009,,PROD099,1,350.53,Card,Uasin Gishu,Completed
TXN013219,2026-05-08,BR003,CUST01355,PROD080,,957.38,M-Pesa,Nairobi,Completed
TXN018124,2025-11-15,BR004,CUST02160,PROD042,5,238.43,M-Pesa,NAIROBI ,Completed
TXN002578,2025-04-11,BR001,CUST02199,PROD042,4,239.5,M-Pesa,Nairobi ,Completed
TXN019025,27/01/2026,BR006,CUST00136,PROD099,1,333.2,Card,Nakuru,Completed
TXN013029,2025-08-24,BR005,CUST00777,PROD043,2,315.11,Card,Kiambu,Completed
TXN011981,2026-06-17,BR001,CUST00450,PROD058,2,85.63,M-Pesa,NAIROBI ,Completed
TXN014920,22/09/2025,BR001,CUST00463,PROD101,4,2878.4,M-Pesa,Nairobi,Cancelled
TXN015439,2026-01-04,BR004,CUST01430,PROD030,10,94.82,M-Pesa,Kiambu,cancelled 
TXN006097,04/12/2025,BR006,CUST00351,PROD048,2,745.89,Cash,Nakuru,Completed
TXN017611,2026-02-17,BR001,CUST02107,PROD072,6,KES 623.87,M-Pesa,Nairobi,Completed
TXN009147,2025-01-12,BR007,CUST00365,PROD067,2,186.39,M-Pesa,Mombasa,COMPLETED
TXN008125,2025-11-06,BR009,CUST01266,PROD040,,391.9,M-Pesa,Uasin Gishu,Completed
TXN004025,2025-09-29,BR003,CUST02526,PROD075,,327.79,Cash,Nairobi,Completed
TXN008954,2026-01-04,BR002,,PROD111,2,600.68,Card,Nairobi,Completed
TXN013959,2025-01-26,BR004,CUST01192,PROD074,,311.39,M-Pesa,Kiambu,Completed
TXN016328,2026-03-24,BR007,CUST02818,PROD073,1,311.48,M-Pesa,Kiambu County,Completed
TXN011554,2025-06-06,BR010,CUST00013,PROD019,2,235.87,Card,Machakos ,Completed
TXN009882,2025-12-29,BR008,,PROD051,6,222.14,M-Pesa,Kisumu,Completed
TXN018355,2025-08-22,BR005,,PROD057,5,61.99,Cash,Kiambu,Completed
TXN016564,2025-09-01,BR008,,PROD049,3,554.72,Card,Kisumu,Completed
TXN019826,2025-05-17,BR004,,PROD035,3,413.66,Card,Kiambu,Completed
TXN019810,22/07/2025,BR004,CUST01595,PROD037,3,4101.66,M-Pesa,Kiambu,Completed
TXN004073,2025-08-26,BR002,CUST01344,PROD067,1,191.36,Cash,Nairobi,COMPLETED
TXN010449,2025-11-24,BR009,CUST01973,PROD001,1,205.38,Card,Uasin Gishu,Refund
TXN010809,09/03/2025,BR009,CUST00831,PROD041,2,292.92,Card,Uasin Gishu,Completed
TXN015639,2025-12-25,BR002,CUST01414,PROD100,,614.34,Cash,Nairobi,Completed
TXN006371,2025-08-05,BR001,CUST00018,PROD083,,161.1,M-Pesa,Nairobi,Completed
TXN017698,2026-07-11,BR003,CUST00311,PROD019,8,229.12,Card,Nairobi ,Completed
TXN013197,2025-02-26,BR001,CUST02954,PROD014,1,113.89,M-Pesa,Nairobi ,Completed
TXN014095,2025-05-25,BR002,CUST01555,PROD024,,831.12,M-Pesa,Nairobi,Completed
TXN009533,2026-06-13,BR011,CUST02892,PROD111,4,KES 607.81,M-Pesa,Kajiado,Completed
TXN011456,2025-09-21,BR009,CUST01715,PROD104,,850.07,M-Pesa,Uasin Gishu,Completed
TXN005025,2025-11-02,BR002,,PROD099,8,346.72,Cash,Nairobi,Completed
TXN008734,2025-08-25,BR010,CUST01930,PROD010,1,304.55,Card,Machakos,Completed
TXN001188,2026-02-05,BR006,CUST01649,PROD076,,303.77,Cash,Nakuru,Completed
TXN019321,2025-12-28,BR011,CUST00920,PROD013,3,"KES 2,247.47",Cash,Kajiado,Completed
TXN014012,2025-02-21,BR008,CUST00259,PROD035,2,KES 403.32,Cash,Kisumu,Completed
TXN018461,2025-03-02,BR002,CUST00914,PROD065,8,146.06,Cash,Nairobi,cancelled 
TXN009348,2026-01-30,BR010,CUST02590,PROD097,5,122.03,Bank Transfer,Kiambu County,Completed
TXN007154,2025-11-12,BR001,CUST00955,PROD024,2,826.5,M-Pesa,NAIROBI ,Completed
TXN003122,2025-05-26,BR012,CUST00698,PROD079,10,"KES 1,125.39",M-Pesa,Kakamega,Completed
TXN015639,2025-12-25,BR002,CUST01414,PROD100,,614.34,Cash,Nairobi,Completed
TXN014639,2025-04-21,BR008,CUST01186,PROD015,1,"KES 1,124.30",Bank Transfer,Kisumu,Completed
TXN017891,2025-09-16,BR006,CUST00506,PROD115,1,168.88,M-Pesa,Nakuru,Completed
TXN007730,2026-06-15,BR009,CUST01108,PROD089,,88.61,M-Pesa,Uasin Gishu,Completed
TXN019591,2025-04-15,BR002,CUST01764,PROD058,2,82.59,Bank Transfer,Nairobi,Completed
TXN016533,2025-11-24,BR004,CUST00424,PROD039,2,872.32,Cash,Kiambu,cancelled 
TXN013271,2025-09-29,BR012,CUST01403,PROD067,1,186.32,Bank Transfer,Kakamega ,Cancelled
TXN002660,2026-02-11,BR008,CUST02095,PROD101,1,2803.18,Cash,NAIROBI ,Completed
TXN015808,2025-04-24,BR007,CUST01309,PROD011,4,519.86,M-Pesa,Mombasa ,Completed
TXN012039,2025-05-31,BR001,CUST02013,PROD100,2,KES 610.14,Bank Transfer,Nairobi,Completed
TXN000144,2025-10-14,BR007,CUST00335,PROD093,2,KES 939.72,Card,Mombasa,Completed
TXN018522,09/08/2025,BR006,CUST00990,PROD033,2,159.36,M-Pesa,Nakuru,Completed
TXN013675,24/06/2026,BR001,CUST02026,PROD098,2,155.22,M-Pesa,Nairobi,Completed
TXN006250,2026-03-13,BR008,,PROD038,2,526.55,M-Pesa,Kisumu,Cancelled
TXN005064,27/07/2026,BR008,CUST02776,PROD035,2,409.69,M-Pesa,Kisumu,Completed
TXN004092,2026-04-12,BR011,,PROD073,2,318.51,Card,Kajiado,Completed
TXN000897,2026-04-02,BR010,CUST02583,PROD098,1,KES 155.09,M-Pesa,Machakos,Completed
TXN015302,2025-06-26,BR012,CUST02056,PROD034,2,KES 138.00,Card,Kakamega,Refunded
TXN014670,15/04/2026,BR005,CUST00420,PROD027,2,221.95,Cash,Kiambu,Completed
TXN002937,2025-08-31,BR012,CUST01366,PROD051,5,KES 217.12,M-Pesa,Kakamega,Completed
TXN007901,2026-06-07,BR012,CUST02534,PROD082,2,219.82,M-Pesa,Kakamega,Completed
TXN012681,2025-03-28,BR012,CUST01640,PROD006,10,KES 520.15,M-Pesa,Kakamega,Completed
TXN000484,2025-06-14,BR002,,PROD026,4,88.71,Bank Transfer,Nairobi,Completed
TXN015852,2026-02-13,BR001,CUST00654,PROD063,1,491.43,Cash,Nairobi,cancelled 
TXN007622,2026-08-04,BR009,CUST00580,PROD088,2,1255.39,M-Pesa,Uasin Gishu ,Completed
TXN010274,26/07/2026,BR001,CUST01443,PROD066,2,195.68,M-Pesa,Nairobi,Completed
TXN000198,2025-07-31,BR012,CUST02011,PROD050,5,135.97,M-Pesa,NAIROBI ,Completed
TXN019131,2025-08-31,BR012,CUST00284,PROD015,4,"KES 1,129.19",Cash,Kakamega,Completed
TXN004926,2025-09-11,BR011,CUST00641,PROD045,1,1266.94,Cash,nairobi,Completed
TXN013580,2025-08-18,BR012,,PROD013,4,2198.8,M-Pesa,Kakamega,Completed
TXN003724,2025-07-27,BR003,CUST00557,PROD072,2,589.02,M-Pesa,Nairobi,Completed
TXN011863,2025-06-20,BR008,CUST01879,PROD052,1,127.04,M-Pesa,Kisumu,Completed
TXN009010,2026-03-18,BR009,CUST02834,PROD110,4,72.48,Card,Uasin Gishu,cancelled 
TXN009341,2025-02-26,BR008,CUST00012,PROD098,1,151.29,M-Pesa,Kisumu,Completed
TXN010032,2025-09-19,BR010,CUST01543,PROD087,,2402.93,M-Pesa,Machakos,Completed
TXN014251,04/02/2026,BR006,CUST01113,PROD042,5,250.22,M-Pesa,Nakuru,Completed
TXN003519,2025-03-24,BR001,CUST00699,PROD008,2,KES 508.20,M-Pesa,Nairobi,Completed
TXN010837,2026-01-02,BR008,CUST00435,PROD075,2,KES 332.10,M-Pesa,Kisumu,Completed
TXN017055,11/01/2026,BR005,CUST02660,PROD019,2,223.11,M-Pesa,Kiambu,Completed
TXN004377,2026-08-23,BR006,,PROD032,1,2296.9,M-Pesa,Nakuru,Completed
TXN012506,2025-09-02,BR006,,PROD057,6,58.45,Card,Nakuru,Completed
TXN002873,12/04/2025,BR008,CUST00291,PROD117,4,2389.9,M-Pesa,Kisumu,Completed
TXN019764,2025-08-14,BR007,CUST02661,PROD098,1,KES 152.53,M-Pesa,Mombasa,Completed
TXN006743,2025-09-25,BR001,CUST02174,PROD033,,160.41,M-Pesa,Nairobi,Completed
TXN006979,15/06/2026,BR010,CUST00196,PROD067,2,186.81,M-Pesa,Machakos,Completed
TXN000689,2025-12-30,BR004,CUST01946,PROD105,3,338.62,M-Pesa,Kiambu,Completed
TXN006791,2025-04-21,BR003,CUST01009,PROD098,5,KES 155.77,M-Pesa,Nairobi,Completed
TXN009139,18/01/2025,BR004,CUST01057,PROD119,2,2591.76,Card,Kiambu,Completed
TXN010731,30/12/2025,BR001,CUST02053,PROD106,1,297.21,Card,Nairobi,Completed
TXN019781,2026-03-16,BR004,CUST00488,PROD049,,534.47,M-Pesa,Kiambu,Completed
TXN019732,2025-12-19,BR005,CUST00787,PROD115,1,165.52,M-Pesa,NAIROBI ,Completed
TXN018110,2025-08-21,BR003,,PROD056,3,1144.78,M-Pesa,Nairobi,Completed
TXN014589,2025-02-22,BR003,CUST02090,PROD008,,521.63,M-Pesa,Nairobi,Cancelled
TXN016884,2025-02-08,BR002,,PROD029,4,2137.71,M-Pesa,Nairobi,Completed
TXN007914,2026-07-17,BR004,CUST01366,PROD011,,518.96,Card,Kiambu,Completed
TXN000099,2026-08-11,BR002,CUST02087,PROD114,3,KES 206.38,Card,Nairobi,Completed
TXN017503,2026-07-30,BR010,CUST02268,PROD106,1,304.41,M-Pesa,Machakos,COMPLETED
TXN002608,2025-05-13,BR010,CUST00540,PROD082,2,223.48,M-Pesa,Machakos,complete
TXN011774,2025-10-28,BR010,,PROD113,1,725.96,M-Pesa,Machakos,Completed
TXN011550,2025-08-01,BR008,CUST02464,PROD078,3,123.46,M-Pesa,Kisumu,Completed
TXN004541,2026-07-19,BR007,,PROD074,2,310.74,M-Pesa,Mombasa,Completed
TXN009111,2025-04-07,BR003,CUST00601,PROD083,1,157.53,M-Pesa,Nairobi ,Cancelled
TXN004708,2026-04-30,BR007,CUST01882,PROD042,3,251.45,M-Pesa,nairobi,Completed
TXN019685,2026-07-28,BR010,CUST00927,PROD086,10,KES 257.96,M-Pesa,Machakos,Completed
TXN004561,2026-07-23,BR012,CUST02124,PROD115,,175.6,Bank Transfer,Kakamega,Completed
TXN017130,20/04/2026,BR005,CUST01566,PROD037,2,4162.12,M-Pesa,Kiambu,Completed
TXN017328,2025-03-29,BR002,CUST01351,PROD067,3,186.91,M-Pesa,Nairobi ,Completed
TXN017178,2026-01-08,BR003,CUST01681,PROD066,,199.8,M-Pesa,Nairobi,Completed
TXN004796,2025-08-14,BR007,CUST00364,PROD068,,596.23,M-Pesa,Mombasa,Completed
TXN007026,2026-02-10,BR009,CUST01564,PROD015,1,1156.3,Bank Transfer,Nbi,Cancelled
TXN014126,2025-12-21,BR007,CUST02591,PROD089,,89.34,M-Pesa,Mombasa,Completed
TXN017760,2025-05-31,BR009,CUST02795,PROD084,1,97.33,Cash,nairobi,Completed
TXN018746,2025-04-16,BR003,CUST01983,PROD057,1,61.11,M-Pesa,Nairobi,Completed
TXN019884,08/08/2025,BR005,CUST01898,PROD048,1,746.98,M-Pesa,Kiambu,Cancelled
TXN000538,2025-09-24,BR001,CUST01769,PROD097,2,123.22,M-Pesa,Nairobi,Refunded
TXN002975,16/06/2025,BR007,CUST02448,PROD092,1,282.86,Card,Mombasa,Completed
TXN016113,2026-01-25,BR011,CUST00514,PROD042,3,239.79,Card,Kajiado,Completed
TXN004750,2025-03-06,BR006,CUST02331,PROD030,,93.02,M-Pesa,Nakuru,Completed
TXN017751,2026-04-06,BR002,CUST01070,PROD052,1,133.48,M-Pesa,NAIROBI ,Completed
TXN009008,2026-05-24,BR005,,PROD019,4,224.44,M-Pesa,Kiambu,Completed
TXN002959,2026-03-09,BR002,CUST00753,PROD065,1,154.39,Cash,Nairobi ,Completed
TXN012538,2025-08-11,BR001,CUST02066,PROD113,2,KES 719.53,M-Pesa,Nairobi,Completed
TXN019833,2025-04-28,BR003,CUST01715,PROD026,1,KES 93.22,Cash,Nairobi,Completed
TXN004535,2026-01-24,BR006,CUST00606,PROD076,5,320.91,Cash,Nakuru,Completed
TXN008513,2025-03-28,BR009,CUST02014,PROD111,1,594.49,Cash,nairobi,Completed
TXN016266,25/11/2025,BR012,CUST01596,PROD079,1,1182.78,M-Pesa,Kakamega,Completed
TXN003799,2026-07-07,BR005,CUST02027,PROD049,1,563.16,M-Pesa,Kiambu,COMPLETED
TXN002975,16/06/2025,BR007,CUST02448,PROD092,1,282.86,Card,Mombasa,Completed
TXN013020,2025-11-25,BR003,,PROD065,6,148.31,Bank Transfer,Nairobi,Completed
TXN004194,2025-09-18,BR002,CUST01643,PROD012,5,180.32,M-Pesa,Nairobi,Completed
TXN019131,2025-08-31,BR012,CUST00284,PROD015,4,"KES 1,129.19",Cash,Kakamega,Completed
TXN004024,2026-03-05,BR008,CUST02765,PROD019,1,238.2,Cash,Kisumu ,Completed
TXN008105,2025-04-26,BR002,CUST02594,PROD031,2,676.88,M-Pesa,Nairobi,Completed
TXN013399,2025-11-08,BR009,CUST00799,PROD011,,504.52,M-Pesa,Uasin Gishu,Completed
TXN018320,2026-06-16,BR002,,PROD097,2,122.91,M-Pesa,Nairobi,Completed
TXN009534,2026-07-19,BR006,CUST01481,PROD004,1,KES 572.11,Cash,Nakuru,Cancelled
TXN001955,28/07/2026,BR007,CUST01107,PROD062,1,106.92,M-Pesa,Mombasa,Completed
TXN019864,2025-05-03,BR009,CUST02870,PROD062,,105.05,M-Pesa,Uasin Gishu,Completed
TXN010821,2025-05-07,BR009,CUST01842,PROD103,,585.58,Card,Uasin Gishu,Completed
TXN016662,14/08/2025,BR006,CUST01483,PROD053,2,4155.41,M-Pesa,Nakuru,Completed
TXN009556,03/02/2025,BR005,CUST02338,PROD073,1,308.92,M-Pesa,Kiambu,Completed
TXN012759,2025-01-14,BR001,CUST00148,PROD024,3,823.29,Bank Transfer,Nairobi,COMPLETED
TXN010965,2026-08-28,BR007,,PROD045,1,1206.03,Card,Mombasa,Completed
TXN014685,2025-06-23,BR001,CUST00187,PROD076,4,KES 320.75,Cash,Nairobi,Completed
TXN018124,2025-11-15,BR004,CUST02160,PROD042,5,238.43,M-Pesa,NAIROBI ,Completed
TXN016473,2025-09-11,BR010,CUST00478,PROD067,,195.59,M-Pesa,Machakos,Completed
TXN005116,2025-03-13,BR011,CUST01251,PROD065,8,147.86,M-Pesa,Kajiado,COMPLETED
TXN003064,04/01/2025,BR003,CUST01499,PROD099,6,342.51,M-Pesa,Nairobi,Cancelled
TXN005133,2025-08-04,BR001,CUST00930,PROD116,2,KES 236.51,Card,Nairobi,Refunded
TXN017715,2025-12-16,BR010,CUST02555,PROD001,2,206.43,M-Pesa,NAIROBI ,Completed
TXN006024,2025-09-29,BR001,CUST01625,PROD114,1,215.79,Card,Nairobi,cancelled 
TXN011337,2025-03-04,BR001,,PROD053,2,4231.3,M-Pesa,Nairobi,Completed
TXN007320,2025-12-14,BR010,,PROD020,3,235.2,Card,Machakos,Completed
TXN011981,2026-06-17,BR001,CUST00450,PROD058,2,85.63,M-Pesa,NAIROBI ,Completed
TXN013317,2026-02-13,BR004,CUST02870,PROD055,2,"KES 1,581.25",M-Pesa,Kiambu,Completed
TXN001492,09/12/2025,BR007,CUST00279,PROD066,2,197.21,M-Pesa,Mombasa,Completed
TXN001285,2026-07-08,BR002,CUST01685,PROD107,1,KES 489.85,M-Pesa,Nairobi,Completed
TXN015302,2025-06-26,BR012,CUST02056,PROD034,2,KES 138.00,Card,Kakamega,Refunded
TXN013474,2026-04-10,BR010,CUST01708,PROD033,2,164.68,M-Pesa,Machakos,Refund
TXN010711,2025-09-19,BR007,CUST02624,PROD029,2,2012.03,M-Pesa,nairobi,Completed
TXN019068,17/09/2025,BR012,CUST01177,PROD085,5,2103.93,M-Pesa,Kakamega,Completed
TXN007651,2025-11-23,BR002,CUST01196,PROD094,,71.53,M-Pesa,Nairobi,Cancelled
TXN019624,2026-02-22,BR009,CUST02742,PROD002,2,196.55,M-Pesa,NAIROBI ,Completed
TXN006205,2025-06-22,BR006,CUST01614,PROD058,5,83.34,M-Pesa,Nakuru,Completed
TXN002084,2025-04-27,BR001,CUST02885,PROD088,6,1299.53,M-Pesa,Nairobi,Completed
TXN010088,06/03/2026,BR003,CUST01185,PROD098,1,151.31,M-Pesa,Nairobi,Completed
TXN015159,2025-11-23,BR005,CUST01016,PROD111,1,KES 587.33,Card,Kiambu,Completed
TXN018948,07/03/2026,BR003,CUST02758,PROD072,1,596.12,M-Pesa,Nairobi,Completed
TXN002475,21/08/2025,BR007,CUST01281,PROD089,1,90.86,M-Pesa,Mombasa,Cancelled
TXN019530,2025-09-23,BR002,CUST01261,PROD055,1,1607.54,M-Pesa,Nairobi,Completed
TXN013601,2025-03-01,BR011,CUST02116,PROD012,,179.6,Card,Kajiado,Completed
TXN012710,04/06/2025,BR003,CUST01221,PROD115,4,169.62,Card,Nairobi,Completed
TXN011234,2026-04-24,BR007,CUST01222,PROD074,5,298.39,Cash,Mombasa ,Completed
TXN009711,2025-10-24,BR007,CUST02051,PROD092,1,KES 285.99,M-Pesa,Mombasa,Cancelled
TXN006957,2025-10-10,BR012,CUST01798,PROD018,3,242.61,M-Pesa,Kakamega,cancelled 
TXN000630,2026-07-13,BR010,CUST00024,PROD037,4,4280.05,Bank Transfer,Machakos,COMPLETED
TXN001461,2026-08-22,BR003,CUST00214,PROD073,,304.37,M-Pesa,Nairobi,Completed
TXN013258,2025-03-12,BR001,CUST02279,PROD049,1,563.77,M-Pesa,Nairobi,Completed
TXN010843,2025-12-15,BR006,,PROD077,1,1978.89,M-Pesa,Nakuru,Completed
TXN011477,18/12/2025,BR010,CUST01743,PROD044,2,328.47,Cash,Machakos,Completed
TXN011567,2025-01-10,BR003,CUST01358,PROD091,1,273.16,Card,Nairobi,Completed
TXN002388,2025-11-10,BR003,CUST00925,PROD046,8,103.25,M-Pesa,Nairobi,Completed
TXN019990,2026-08-10,BR001,CUST02682,PROD064,8,1465.17,Cash,Nairobi,Completed
TXN007348,2025-05-24,BR012,CUST00610,PROD019,2,231.03,Cash,Kakamega,complete
TXN002422,10/02/2026,BR006,CUST02483,PROD048,3,789.96,M-Pesa,Nakuru,Completed
TXN016558,2025-01-06,BR005,CUST01220,PROD101,,2931.11,Cash,Kiambu,Completed
TXN002360,2026-06-06,BR011,CUST02191,PROD040,2,KES 406.03,M-Pesa,Kajiado,Completed
TXN017059,2026-05-07,BR004,CUST00999,PROD075,1,KES 322.30,Card,Kiambu,Completed
TXN014244,2025-08-27,BR011,CUST01271,PROD113,1,697.75,Bank Transfer,Kajiado,Completed
TXN008709,2026-08-26,BR006,CUST00700,PROD117,2,2537.58,M-Pesa,Nakuru,Completed
TXN016339,2026-07-04,BR009,,PROD042,1,238.12,M-Pesa,Uasin Gishu,Completed
TXN019990,2026-08-10,BR001,CUST02682,PROD064,8,1465.17,Cash,Nairobi,Completed
TXN014517,2026-08-22,BR012,CUST01018,PROD009,2,KES 319.63,Bank Transfer,Kakamega,Completed
TXN008436,2025-11-09,BR008,CUST00658,PROD030,2,98.3,Card,Kisumu,Completed
TXN008393,2025-10-29,BR001,CUST00287,PROD039,1,853.15,M-Pesa,Nairobi,complete
TXN010103,2026-07-13,BR011,CUST02507,PROD053,,4171.27,M-Pesa,Kajiado,Completed
TXN018073,08/10/2025,BR001,CUST02308,PROD091,2,263.39,M-Pesa,Nairobi,Cancelled
TXN000118,2026-03-24,BR009,CUST00414,PROD059,1,245.49,Card,Uasin Gishu ,Refunded
TXN009434,2025-10-21,BR012,CUST00486,PROD012,1,182.07,Cash,Kakamega ,Completed
TXN016695,2025-03-14,BR001,,PROD037,4,4102.92,M-Pesa,Nairobi,Completed
TXN017791,2026-04-21,BR008,CUST02131,PROD012,6,192.2,M-Pesa,Kiambu County,Completed
TXN000277,2026-04-22,BR006,,PROD082,2,215.87,M-Pesa,Nakuru,Completed
TXN009684,2026-08-12,BR004,CUST02854,PROD003,4,KES 224.88,M-Pesa,Kiambu,Completed
TXN018094,11/07/2026,BR009,CUST02621,PROD107,2,478.76,Card,Uasin Gishu,Completed
TXN003330,12/07/2026,BR004,CUST00282,PROD047,3,597.33,Cash,Kiambu,Completed
TXN010810,2026-05-12,BR011,CUST00711,PROD106,3,300.9,M-Pesa,Kajiado,cancelled 
TXN008181,20/11/2025,BR009,CUST01830,PROD109,8,2173.72,M-Pesa,Uasin Gishu,Completed
TXN011321,2025-09-09,BR001,CUST00904,PROD119,1,2623.21,M-Pesa,Kiambu County,Completed
TXN017783,02/07/2026,BR011,CUST02189,PROD108,4,162.64,M-Pesa,Kajiado,Completed
TXN000635,2026-08-14,BR004,CUST01419,PROD037,2,"KES 4,218.58",M-Pesa,Kiambu,Completed
TXN009382,2025-05-05,BR008,CUST00432,PROD107,2,474.5,M-Pesa,Kisumu,Completed
TXN001263,2025-01-30,BR001,,PROD067,4,184.31,Card,Nairobi,Completed
TXN012221,2025-02-27,BR002,,PROD067,1,190.8,M-Pesa,Nairobi,Completed
TXN015062,2026-01-07,BR008,CUST01670,PROD080,2,963.61,M-Pesa,Kisumu,Refund
TXN007915,09/02/2025,BR011,CUST00696,PROD058,2,87.49,Cash,Kajiado,Completed
TXN017503,2026-07-30,BR010,CUST02268,PROD106,1,304.41,M-Pesa,Machakos,COMPLETED
TXN002564,2026-01-21,BR004,CUST00287,PROD103,,573.45,M-Pesa,Kiambu,Completed
TXN000649,2025-03-07,BR009,CUST02015,PROD081,1,894.74,Cash,Uasin Gishu ,Completed
TXN016022,06/02/2025,BR007,CUST00680,PROD116,3,225.29,M-Pesa,Mombasa,Completed
TXN004741,2025-03-26,BR008,CUST00906,PROD001,4,KES 218.21,M-Pesa,Kisumu,Completed
TXN014885,2026-05-17,BR002,CUST00209,PROD002,1,189.97,Card,NAIROBI ,Completed
TXN019339,21/04/2025,BR004,CUST02454,PROD066,2,199.26,M-Pesa,Kiambu,Completed
